记录编号,药品编号,批次编号,药品采购日期,药品采购数量
1,A00453,1,2021/4/4,200
2,A00161,1,2021/12/1,600
3,A00351,1,2018/2/24,300
4,A00158,1,2019/6/25,300
5,A00502,1,2021/1/19,300
6,A00544,1,2019/5/2,200
7,A00548,1,2021/1/14,100
8,A00021,1,2021/2/1,600
9,A00365,1,2020/12/21,200
10,A00238,1,2021/3/20,100
11,A00600,1,2018/3/24,300
12,A00423,1,2021/10/13,600
13,A00504,1,2019/3/1,300
14,A00529,1,2018/5/18,200
15,A00010,1,2019/6/25,400
16,A00189,1,2019/4/4,100
17,A00411,1,2019/2/28,300
18,A00226,1,2021/2/20,300
19,A00444,1,2020/12/26,500
20,A00417,1,2021/11/27,100
21,A00142,1,2018/12/22,600
22,A00172,1,2019/11/8,100
23,A00365,2,2020/12/24,300
24,A00458,1,2021/5/26,400
25,A00157,1,2018/11/10,600
26,A00181,1,2018/3/25,300
27,A00107,1,2019/1/28,600
28,A00577,1,2021/1/19,200
29,A00007,1,2019/6/19,100
30,A00548,2,2021/7/21,600
31,A00228,1,2019/4/3,600
32,A00432,1,2019/10/5,600
33,A00577,2,2021/3/8,600
34,A00491,1,2020/3/28,100
35,A00532,1,2021/6/2,400
36,A00265,1,2019/7/12,500
37,A00216,1,2021/8/11,500
38,A00479,1,2018/9/5,100
39,A00476,1,2021/3/26,300
40,A00619,1,2019/1/25,600
41,A00416,1,2020/1/26,200
42,A00105,1,2018/6/4,100
43,A00087,1,2020/11/20,400
44,A00327,1,2020/10/1,300
45,A00310,1,2020/7/17,200
46,A00005,1,2018/9/1,200
47,A00415,1,2019/7/18,400
48,A00104,1,2020/7/4,400
49,A00163,1,2021/12/16,300
50,A00157,2,2018/12/5,600
51,A00108,1,2021/6/26,600
52,A00133,1,2019/9/4,600
53,A00117,1,2021/11/22,400
54,A00544,2,2019/6/24,100
55,A00595,1,2020/1/9,500
56,A00179,1,2020/9/27,200
57,A00535,1,2021/3/18,100
58,A00198,1,2018/9/20,100
59,A00124,1,2018/11/12,500
60,A00320,1,2018/9/10,400
61,A00317,1,2021/9/14,100
62,A00610,1,2021/8/12,600
63,A00246,1,2019/5/26,300
64,A00214,1,2018/5/28,300
65,A00389,1,2020/7/18,300
66,A00433,1,2021/10/12,200
67,A00009,1,2020/7/3,600
68,A00215,1,2020/9/23,100
69,A00496,1,2021/6/27,600
70,A00276,1,2019/5/24,300
71,A00373,1,2020/5/1,300
72,A00059,1,2020/5/14,200
73,A00210,1,2021/7/24,500
74,A00247,1,2018/5/11,600
75,A00014,1,2019/7/18,500
76,A00076,1,2021/4/26,300
77,A00247,2,2021/8/4,300
78,A00436,1,2021/12/7,600
79,A00565,1,2019/2/24,200
80,A00187,1,2019/1/2,400
81,A00132,1,2018/11/21,500
82,A00300,1,2019/8/10,500
83,A00124,2,2021/12/24,500
84,A00280,1,2020/12/27,300
85,A00238,2,2021/4/13,300
86,A00072,1,2018/2/12,600
87,A00220,1,2021/7/22,100
88,A00400,1,2020/1/13,400
89,A00121,1,2019/4/27,300
90,A00344,1,2018/1/1,300
91,A00257,1,2020/11/17,200
92,A00234,1,2020/10/5,400
93,A00429,1,2021/1/18,600
94,A00595,2,2020/1/9,500
95,A00084,1,2021/6/7,600
96,A00193,1,2021/9/13,500
97,A00328,1,2021/4/4,300
98,A00354,1,2021/3/9,200
99,A00495,1,2021/1/24,200
100,A00056,1,2021/3/17,300
101,A00182,1,2018/3/12,400
102,A00050,1,2019/10/2,400
103,A00014,2,2019/12/26,600
104,A00304,1,2019/2/5,300
105,A00256,1,2021/12/23,100
106,A00173,1,2018/4/7,200
107,A00319,1,2020/4/5,100
108,A00454,1,2019/1/24,200
109,A00499,1,2021/1/8,300
110,A00307,1,2021/6/8,600
111,A00545,1,2020/8/26,200
112,A00372,1,2019/7/3,600
113,A00471,1,2020/8/25,300
114,A00590,1,2018/12/3,100
115,A00315,1,2020/12/15,600
116,A00391,1,2021/12/10,600
117,A00145,1,2021/4/12,400
118,A00332,1,2021/5/6,500
119,A00079,1,2021/8/9,400
120,A00484,1,2020/7/4,100
121,A00474,1,2021/7/28,100
122,A00174,1,2021/2/3,100
123,A00128,1,2018/4/12,600
124,A00213,1,2019/8/19,200
125,A00374,1,2021/5/9,600
126,A00257,2,2020/11/21,100
127,A00211,1,2018/5/22,400
128,A00139,1,2020/5/9,100
129,A00204,1,2020/2/17,400
130,A00208,1,2018/4/19,400
131,A00240,1,2019/1/18,300
132,A00028,1,2018/2/12,400
133,A00052,1,2019/12/9,300
134,A00212,1,2020/4/16,500
135,A00257,3,2020/12/2,500
136,A00422,1,2019/9/27,400
137,A00138,1,2021/12/21,500
138,A00496,2,2021/7/1,600
139,A00513,1,2019/5/26,200
140,A00617,1,2020/1/25,200
141,A00459,1,2018/7/8,400
142,A00007,2,2020/11/25,500
143,A00428,1,2019/3/12,500
144,A00448,1,2021/1/16,600
145,A00088,1,2020/12/23,300
146,A00453,2,2021/10/19,600
147,A00289,1,2021/12/11,300
148,A00329,1,2018/3/28,600
149,A00241,1,2019/12/25,500
150,A00245,1,2020/10/19,200
151,A00290,1,2021/6/25,500
152,A00499,2,2021/12/24,400
153,A00035,1,2018/4/10,100
154,A00359,1,2021/4/14,200
155,A00589,1,2021/5/25,300
156,A00169,1,2019/9/20,300
157,A00291,1,2019/5/2,500
158,A00072,2,2019/1/6,500
159,A00565,2,2020/11/16,100
160,A00448,2,2021/12/10,500
161,A00398,1,2020/8/2,600
162,A00448,3,2021/12/10,300
163,A00145,2,2021/6/25,100
164,A00021,2,2021/7/4,400
165,A00110,1,2018/1/4,600
166,A00317,2,2021/10/22,600
167,A00560,1,2021/8/17,100
168,A00405,1,2018/7/18,300
169,A00078,1,2020/1/3,200
170,A00050,2,2021/1/20,400
171,A00336,1,2018/9/20,600
172,A00325,1,2019/1/22,100
173,A00604,1,2019/10/23,400
174,A00418,1,2018/3/28,400
175,A00611,1,2018/8/1,500
176,A00506,1,2021/3/24,100
177,A00347,1,2018/12/11,300
178,A00009,2,2021/1/24,100
179,A00546,1,2021/11/24,400
180,A00154,1,2019/11/5,600
181,A00089,1,2018/3/6,300
182,A00405,2,2018/8/7,200
183,A00217,1,2020/11/25,500
184,A00621,1,2018/10/6,100
185,A00428,2,2019/12/3,400
186,A00160,1,2019/4/17,200
187,A00305,1,2019/7/18,100
188,A00623,1,2018/12/20,400
189,A00455,1,2020/3/19,100
190,A00361,1,2019/4/19,100
191,A00611,2,2021/5/26,600
192,A00336,2,2018/11/19,600
193,A00379,1,2021/5/6,200
194,A00495,2,2021/7/12,200
195,A00478,1,2021/8/1,600
196,A00569,1,2018/8/25,300
197,A00381,1,2020/1/12,600
198,A00171,1,2021/3/9,500
199,A00449,1,2019/8/24,200
200,A00408,1,2018/1/7,200
201,A00315,2,2021/7/26,200
202,A00466,1,2018/4/8,500
203,A00273,1,2021/1/28,200
204,A00607,1,2021/8/5,500
205,A00048,1,2020/10/17,400
206,A00560,2,2021/9/27,200
207,A00336,3,2021/8/18,600
208,A00032,1,2021/4/7,200
209,A00517,1,2018/9/17,400
210,A00521,1,2021/3/5,400
211,A00096,1,2019/9/24,600
212,A00520,1,2018/10/28,500
213,A00318,1,2021/7/9,500
214,A00587,1,2020/11/23,100
215,A00145,3,2021/6/26,500
216,A00493,1,2020/9/18,200
217,A00568,1,2021/5/22,400
218,A00204,2,2020/6/13,500
219,A00290,2,2021/10/20,400
220,A00363,1,2018/7/25,600
221,A00284,1,2020/8/21,200
222,A00626,1,2019/7/10,300
223,A00338,1,2019/4/12,600
224,A00197,1,2019/5/3,200
225,A00520,2,2019/9/17,200
226,A00147,1,2021/8/16,100
227,A00294,1,2021/3/16,600
228,A00352,1,2020/12/26,300
229,A00360,1,2020/7/24,400
230,A00321,1,2020/3/10,400
231,A00387,1,2018/4/5,500
232,A00443,1,2021/7/5,500
233,A00298,1,2019/4/4,600
234,A00198,2,2018/9/23,500
235,A00444,2,2021/11/6,500
236,A00169,2,2021/3/11,600
237,A00233,1,2020/3/10,500
238,A00097,1,2021/4/23,600
239,A00327,2,2020/11/2,500
240,A00023,1,2019/9/22,500
241,A00347,2,2018/12/19,100
242,A00400,2,2021/10/7,100
243,A00264,1,2018/8/16,200
244,A00054,1,2021/11/21,100
245,A00075,1,2020/3/7,600
246,A00454,2,2021/2/3,300
247,A00534,1,2018/1/27,600
248,A00360,2,2020/11/7,500
249,A00193,2,2021/9/18,500
250,A00324,1,2019/4/27,500
251,A00615,1,2018/12/6,300
252,A00580,1,2021/10/23,300
253,A00049,1,2018/6/8,400
254,A00520,3,2021/9/26,100
255,A00529,2,2018/6/17,200
256,A00028,2,2021/8/13,200
257,A00335,1,2018/7/4,400
258,A00073,1,2021/9/1,400
259,A00380,1,2020/1/5,300
260,A00075,2,2020/5/8,300
261,A00154,2,2021/12/21,300
262,A00502,2,2021/1/28,300
263,A00537,1,2018/2/24,500
264,A00109,1,2021/7/19,100
265,A00596,1,2019/11/14,300
266,A00069,1,2021/9/12,300
267,A00464,1,2019/6/23,300
268,A00425,1,2019/12/10,200
269,A00060,1,2020/4/2,400
270,A00197,2,2019/9/25,200
271,A00162,1,2021/11/15,400
272,A00118,1,2020/6/5,600
273,A00008,1,2019/2/25,100
274,A00428,3,2020/6/7,200
275,A00232,1,2020/4/18,600
276,A00117,2,2021/12/10,100
277,A00052,2,2019/12/16,500
278,A00330,1,2018/10/24,300
279,A00011,1,2020/2/27,100
280,A00546,2,2021/11/26,400
281,A00542,1,2021/12/1,600
282,A00040,1,2018/6/25,300
283,A00529,3,2021/12/6,200
284,A00533,1,2021/2/22,100
285,A00427,1,2021/1/2,500
286,A00615,2,2019/8/14,500
287,A00363,2,2020/1/15,400
288,A00360,3,2020/12/17,600
289,A00514,1,2018/8/12,400
290,A00010,2,2021/5/13,400
291,A00202,1,2018/7/10,200
292,A00621,2,2019/10/27,400
293,A00194,1,2020/1/23,300
294,A00010,3,2021/11/26,400
295,A00179,2,2021/9/27,100
296,A00339,1,2018/1/12,200
297,A00475,1,2021/8/20,500
298,A00378,1,2020/7/22,300
299,A00576,1,2021/6/3,300
300,A00357,1,2019/9/19,300
301,A00005,2,2021/5/21,100
302,A00073,2,2021/10/25,100
303,A00551,1,2021/8/3,300
304,A00120,1,2019/10/20,500
305,A00282,1,2021/7/14,200
306,A00004,1,2019/7/9,200
307,A00324,2,2020/5/5,600
308,A00219,1,2020/8/2,200
309,A00539,1,2020/1/1,500
310,A00178,1,2019/10/7,200
311,A00525,1,2020/5/23,100
312,A00223,1,2018/3/27,400
313,A00618,1,2018/7/6,400
314,A00594,1,2020/8/8,400
315,A00537,2,2019/2/4,100
316,A00214,2,2020/7/7,600
317,A00071,1,2018/5/27,600
318,A00537,3,2020/2/16,500
319,A00380,2,2021/10/5,600
320,A00498,1,2019/3/7,500
321,A00192,1,2018/6/26,100
322,A00022,1,2020/7/13,200
323,A00173,2,2018/6/11,600
324,A00573,1,2019/5/14,100
325,A00266,1,2021/12/20,300
326,A00518,1,2020/10/11,500
327,A00490,1,2020/3/19,600
328,A00074,1,2019/11/16,500
329,A00570,1,2020/1/5,300
330,A00236,1,2020/11/17,500
331,A00111,1,2018/1/2,600
332,A00407,1,2019/9/10,300
333,A00148,1,2020/2/16,500
334,A00147,2,2021/8/27,600
335,A00484,2,2021/1/1,300
336,A00046,1,2021/4/8,100
337,A00600,2,2019/7/17,200
338,A00305,2,2020/12/25,600
339,A00387,2,2021/7/28,500
340,A00074,2,2019/11/17,200
341,A00083,1,2021/4/23,400
342,A00218,1,2019/11/20,400
343,A00612,1,2019/7/15,600
344,A00025,1,2021/9/6,600
345,A00227,1,2020/1/14,200
346,A00211,2,2019/4/25,200
347,A00303,1,2019/10/4,200
348,A00269,1,2020/6/20,200
349,A00085,1,2018/10/6,600
350,A00582,1,2018/6/6,400
351,A00301,1,2018/11/5,100
352,A00122,1,2020/2/3,200
353,A00534,2,2020/6/26,500
354,A00409,1,2021/2/2,500
355,A00499,3,2021/12/25,500
356,A00034,1,2018/6/20,100
357,A00179,3,2021/12/3,100
358,A00478,2,2021/8/6,400
359,A00132,2,2019/12/20,200
360,A00455,2,2021/4/3,600
361,A00453,3,2021/10/26,600
362,A00168,1,2020/6/25,100
363,A00520,4,2021/10/18,200
364,A00268,1,2021/3/7,200
365,A00121,2,2019/10/14,100
366,A00189,2,2019/6/14,400
367,A00319,2,2020/7/17,300
368,A00554,1,2020/5/25,100
369,A00551,2,2021/9/10,600
370,A00236,2,2021/9/28,300
371,A00183,1,2019/5/26,100
372,A00264,2,2019/9/22,100
373,A00561,1,2019/9/18,100
374,A00500,1,2019/8/2,600
375,A00193,3,2021/12/25,600
376,A00081,1,2021/1/20,600
377,A00622,1,2018/9/15,200
378,A00312,1,2020/11/7,200
379,A00538,1,2020/12/23,100
380,A00110,2,2019/3/10,100
381,A00462,1,2021/10/5,600
382,A00392,1,2020/1/16,600
383,A00375,1,2018/5/24,200
384,A00106,1,2021/12/17,100
385,A00501,1,2021/9/14,200
386,A00450,1,2018/4/15,300
387,A00271,1,2021/1/1,200
388,A00232,2,2020/8/19,100
389,A00327,3,2020/11/11,500
390,A00449,2,2021/8/22,500
391,A00249,1,2018/3/1,500
392,A00609,1,2018/3/20,600
393,A00197,3,2019/10/2,300
394,A00388,1,2018/5/26,100
395,A00237,1,2018/10/22,400
396,A00457,1,2021/6/25,500
397,A00282,2,2021/9/5,100
398,A00185,1,2018/1/26,200
399,A00038,1,2019/9/26,100
400,A00544,3,2020/1/6,600
401,A00389,2,2021/11/10,200
402,A00624,1,2021/7/9,500
403,A00025,2,2021/10/28,200
404,A00238,3,2021/11/24,300
405,A00001,1,2021/1/14,400
406,A00315,3,2021/10/12,400
407,A00065,1,2018/4/19,100
408,A00119,1,2021/2/9,400
409,A00276,2,2020/7/10,300
410,A00534,3,2020/10/4,200
411,A00117,3,2021/12/20,200
412,A00070,1,2021/11/2,200
413,A00621,3,2019/12/25,300
414,A00033,1,2021/5/12,500
415,A00284,2,2021/3/4,400
416,A00537,4,2020/9/16,100
417,A00567,1,2020/10/11,100
418,A00005,3,2021/6/13,300
419,A00330,2,2021/5/19,200
420,A00076,2,2021/8/7,200
421,A00571,1,2019/2/9,100
422,A00180,1,2018/7/9,400
423,A00286,1,2019/3/17,100
424,A00421,1,2020/8/4,300
425,A00063,1,2020/12/4,600
426,A00023,2,2019/9/27,600
427,A00422,2,2021/4/9,200
428,A00006,1,2018/6/18,600
429,A00626,2,2019/8/16,100
430,A00415,2,2021/5/1,500
431,A00577,3,2021/11/11,400
432,A00045,1,2019/10/7,500
433,A00392,2,2020/5/25,300
434,A00334,1,2021/8/1,500
435,A00586,1,2020/10/13,200
436,A00114,1,2021/3/21,600
437,A00212,2,2020/9/4,500
438,A00353,1,2018/3/6,400
439,A00268,2,2021/3/24,300
440,A00397,1,2021/2/27,200
441,A00028,3,2021/11/20,200
442,A00206,1,2021/2/10,500
443,A00496,3,2021/10/22,400
444,A00052,3,2021/3/26,400
445,A00099,1,2020/6/12,500
446,A00023,3,2020/2/7,400
447,A00558,1,2020/4/9,300
448,A00265,2,2019/9/9,200
449,A00248,1,2021/8/7,300
450,A00397,2,2021/10/2,600
451,A00162,2,2021/12/3,500
452,A00284,3,2021/8/16,500
453,A00135,1,2019/1/24,200
454,A00323,1,2021/12/9,200
455,A00155,1,2018/5/18,400
456,A00239,1,2019/1/18,600
457,A00073,3,2021/11/16,100
458,A00361,2,2019/7/12,200
459,A00037,1,2018/1/22,200
460,A00166,1,2020/2/2,200
461,A00154,3,2021/12/25,600
462,A00129,1,2021/4/1,300
463,A00269,2,2021/8/27,400
464,A00184,1,2018/8/18,600
465,A00486,1,2021/5/17,500
466,A00614,1,2020/6/28,200
467,A00308,1,2021/8/20,500
468,A00527,1,2019/4/25,400
469,A00031,1,2018/6/27,600
470,A00193,4,2021/12/27,200
471,A00190,1,2020/10/1,300
472,A00125,1,2019/4/19,500
473,A00444,3,2021/12/1,200
474,A00171,2,2021/8/24,100
475,A00414,1,2021/4/12,500
476,A00596,2,2021/11/10,400
477,A00126,1,2021/5/10,100
478,A00027,1,2018/6/9,600
479,A00539,2,2020/5/1,200
480,A00483,1,2019/7/18,400
481,A00141,1,2020/3/25,300
482,A00161,2,2021/12/3,100
483,A00400,3,2021/11/25,200
484,A00121,3,2021/12/11,600
485,A00606,1,2021/9/6,400
486,A00252,1,2019/1/11,300
487,A00514,2,2018/8/23,500
488,A00036,1,2021/2/6,500
489,A00146,1,2021/3/9,200
490,A00393,1,2018/7/7,600
491,A00521,2,2021/12/27,300
492,A00607,2,2021/9/14,100
493,A00315,4,2021/12/14,600
494,A00360,4,2020/12/19,100
495,A00167,1,2018/8/25,300
496,A00420,1,2018/8/26,400
497,A00110,3,2019/11/12,200
498,A00606,2,2021/10/26,600
499,A00363,3,2020/11/9,600
500,A00345,1,2020/2/28,200
501,A00453,4,2021/11/23,500
502,A00601,1,2021/11/3,400
503,A00504,2,2021/2/6,400
504,A00407,2,2020/1/9,600
505,A00139,2,2021/7/2,300
506,A00606,3,2021/11/23,500
507,A00039,1,2018/6/4,100
508,A00295,1,2018/1/3,200
509,A00126,2,2021/6/24,400
510,A00424,1,2018/9/19,400
511,A00414,2,2021/6/17,400
512,A00564,1,2021/6/5,300
513,A00377,1,2019/7/7,100
514,A00036,2,2021/6/22,300
515,A00617,2,2020/2/21,300
516,A00582,2,2021/11/24,300
517,A00348,1,2021/9/10,200
518,A00377,2,2020/8/13,400
519,A00548,3,2021/8/19,400
520,A00492,1,2020/9/10,200
521,A00066,1,2021/8/1,100
522,A00423,2,2021/10/24,400
523,A00044,1,2021/4/14,500
524,A00294,2,2021/12/24,200
525,A00064,1,2018/10/11,400
526,A00555,1,2020/7/6,300
527,A00286,2,2020/12/26,500
528,A00470,1,2021/7/8,600
529,A00490,2,2021/2/28,400
530,A00239,2,2019/1/23,300
531,A00222,1,2019/10/21,500
532,A00150,1,2018/2/15,400
533,A00482,1,2020/6/2,600
534,A00279,1,2021/9/18,300
535,A00136,1,2018/4/18,300
536,A00455,3,2021/8/12,600
537,A00355,1,2021/12/9,500
538,A00279,2,2021/12/10,400
539,A00087,2,2020/12/27,400
540,A00112,1,2021/6/27,300
541,A00511,1,2019/8/27,600
542,A00416,2,2020/1/27,300
543,A00385,1,2019/6/17,200
544,A00529,4,2021/12/24,100
545,A00209,1,2019/10/26,200
546,A00219,2,2020/10/9,500
547,A00193,5,2021/12/28,400
548,A00360,5,2021/6/27,600
549,A00313,1,2021/3/16,600
550,A00374,2,2021/7/11,200
551,A00608,1,2019/12/14,500
552,A00625,1,2020/2/26,500
553,A00354,2,2021/5/13,100
554,A00460,1,2021/11/14,400
555,A00208,2,2021/10/22,400
556,A00310,2,2021/7/1,100
557,A00017,1,2021/8/18,100
558,A00331,1,2018/2/16,300
559,A00516,1,2021/12/21,600
560,A00242,1,2020/6/24,100
561,A00041,1,2021/5/18,500
562,A00013,1,2021/4/3,500
563,A00552,1,2018/2/2,300
564,A00386,1,2020/9/13,300
565,A00523,1,2021/6/5,500
566,A00012,1,2019/7/6,300
567,A00259,1,2018/10/17,600
568,A00308,2,2021/12/15,100
569,A00502,3,2021/1/28,300
570,A00135,2,2021/8/25,200
571,A00316,1,2020/11/8,100
572,A00365,3,2021/9/27,100
573,A00601,2,2021/12/13,500
574,A00242,2,2021/5/4,600
575,A00261,1,2021/2/18,400
576,A00419,1,2021/10/22,400
577,A00504,3,2021/9/11,200
578,A00556,1,2018/6/11,200
579,A00413,1,2020/9/21,200
580,A00604,2,2019/12/18,100
581,A00276,3,2021/10/22,600
582,A00193,6,2021/12/28,300
583,A00468,1,2019/9/25,500
584,A00577,4,2021/11/21,200
585,A00515,1,2021/11/3,600
586,A00411,2,2020/2/4,200
587,A00040,2,2018/8/28,200
588,A00580,2,2021/11/25,300
589,A00344,2,2021/10/27,600
590,A00094,1,2021/4/26,200
591,A00151,1,2019/7/2,600
592,A00283,1,2018/4/20,300
593,A00439,1,2020/11/5,500
594,A00396,1,2018/12/3,200
595,A00231,1,2021/3/11,200
596,A00364,1,2019/3/7,100
597,A00014,3,2019/12/28,600
598,A00310,3,2021/10/7,300
599,A00205,1,2019/9/1,300
600,A00071,2,2020/2/14,400
601,A00465,1,2019/7/23,600
602,A00286,3,2020/12/28,600
603,A00233,2,2020/4/28,300
604,A00057,1,2020/7/9,100
605,A00340,1,2021/11/7,300
606,A00283,2,2021/5/3,300
607,A00420,2,2018/11/11,400
608,A00094,2,2021/9/27,200
609,A00263,1,2020/7/20,400
610,A00560,3,2021/11/27,200
611,A00547,1,2019/8/27,600
612,A00336,4,2021/11/25,600
613,A00533,2,2021/5/26,500
614,A00165,1,2019/7/15,600
615,A00394,1,2018/4/14,300
616,A00163,2,2021/12/24,500
617,A00252,2,2021/12/5,100
618,A00195,1,2020/7/15,600
619,A00047,1,2019/3/4,100
620,A00212,3,2021/10/17,600
621,A00203,1,2018/3/6,300
622,A00508,1,2021/1/18,400
623,A00146,2,2021/9/18,200
624,A00550,1,2019/10/9,200
625,A00454,3,2021/8/11,100
626,A00559,1,2019/5/15,500
627,A00290,3,2021/10/20,200
628,A00091,1,2019/11/24,400
629,A00050,3,2021/12/15,600
630,A00170,1,2019/1/23,500
631,A00582,3,2021/12/24,100
632,A00082,1,2020/7/27,500
633,A00350,1,2021/7/24,100
634,A00052,4,2021/3/26,500
635,A00401,1,2021/5/15,600
636,A00052,5,2021/10/11,500
637,A00581,1,2020/6/17,400
638,A00211,3,2019/6/21,400
639,A00213,2,2021/2/5,500
640,A00282,3,2021/10/19,500
641,A00508,2,2021/12/26,600
642,A00560,4,2021/12/2,400
643,A00428,4,2020/12/24,300
644,A00287,1,2019/12/18,400
645,A00104,2,2021/3/20,300
646,A00312,2,2020/12/3,500
647,A00417,2,2021/12/12,400
648,A00146,3,2021/10/14,100
649,A00068,1,2021/10/2,200
650,A00276,4,2021/11/19,600
651,A00098,1,2021/1/26,500
652,A00583,1,2018/12/12,400
653,A00416,3,2020/1/28,200
654,A00044,2,2021/10/7,200
655,A00340,2,2021/12/4,200
656,A00345,2,2021/9/26,500
657,A00034,2,2019/6/19,500
658,A00468,2,2020/2/6,300
659,A00093,1,2018/12/21,300
660,A00395,1,2019/7/24,200
661,A00294,3,2021/12/25,400
662,A00511,2,2021/2/7,100
663,A00504,4,2021/11/16,600
664,A00424,2,2020/6/22,400
665,A00581,2,2021/1/22,500
666,A00232,3,2021/5/13,200
667,A00577,5,2021/12/26,400
668,A00461,1,2020/1/1,100
669,A00319,3,2021/9/20,500
670,A00509,1,2021/5/18,300
671,A00284,4,2021/11/18,300
672,A00558,2,2021/7/14,300
673,A00580,3,2021/12/9,200
674,A00322,1,2018/7/4,600
675,A00192,2,2019/8/9,400
676,A00494,1,2020/8/24,400
677,A00309,1,2021/1/4,600
678,A00532,2,2021/6/28,100
679,A00325,2,2020/6/5,600
680,A00258,1,2021/9/28,100
681,A00012,2,2019/7/13,100
682,A00173,3,2021/1/12,600
683,A00381,2,2021/6/15,100
684,A00478,3,2021/8/7,300
685,A00103,1,2021/3/9,300
686,A00177,1,2019/2/11,200
687,A00236,3,2021/9/28,100
688,A00455,4,2021/9/20,400
689,A00058,1,2021/4/18,300
690,A00202,2,2020/6/23,600
691,A00377,3,2021/6/14,300
692,A00542,2,2021/12/19,300
693,A00125,2,2019/10/2,300
694,A00008,2,2021/6/4,400
695,A00483,2,2020/11/26,100
696,A00466,2,2020/5/21,500
697,A00239,3,2019/11/18,200
698,A00549,1,2021/9/17,400
699,A00573,2,2019/10/4,600
700,A00380,3,2021/12/9,400
701,A00184,2,2020/6/27,300
702,A00094,3,2021/11/5,600
703,A00074,3,2020/9/20,600
704,A00194,2,2020/1/25,400
705,A00546,3,2021/12/17,200
706,A00544,4,2020/12/12,200
707,A00593,1,2019/1/12,200
708,A00475,2,2021/8/20,300
709,A00282,4,2021/11/17,600
710,A00380,4,2021/12/27,600
711,A00541,1,2019/10/12,400
712,A00418,2,2020/5/25,200
713,A00416,4,2021/9/13,200
714,A00319,4,2021/11/27,200
715,A00337,1,2018/5/20,400
716,A00138,2,2021/12/21,300
717,A00493,2,2021/10/23,500
718,A00573,3,2021/10/7,300
719,A00418,3,2020/5/28,600
720,A00462,2,2021/10/17,300
721,A00064,2,2019/11/15,100
722,A00618,2,2019/4/14,300
723,A00399,1,2020/8/28,100
724,A00543,1,2018/10/17,600
725,A00305,3,2020/12/28,500
726,A00221,1,2021/7/5,100
727,A00267,1,2020/1/18,500
728,A00212,4,2021/10/24,100
729,A00156,1,2020/11/20,300
730,A00563,1,2020/7/9,500
731,A00338,2,2020/2/2,500
732,A00017,2,2021/11/11,500
733,A00108,2,2021/9/25,300
734,A00096,2,2019/9/24,300
735,A00502,4,2021/10/24,600
736,A00577,6,2021/12/26,500
737,A00248,2,2021/8/21,600
738,A00468,3,2020/12/9,400
739,A00403,1,2019/12/3,600
740,A00516,2,2021/12/21,500
741,A00154,4,2021/12/25,500
742,A00373,2,2021/5/19,400
743,A00051,1,2018/12/23,400
744,A00105,2,2020/7/26,100
745,A00480,1,2020/8/10,200
746,A00207,1,2021/1/3,200
747,A00023,4,2020/11/28,200
748,A00004,2,2019/9/9,500
749,A00085,2,2019/4/27,400
750,A00545,2,2021/10/24,500
751,A00506,2,2021/10/21,600
752,A00234,2,2020/10/10,200
753,A00412,1,2019/8/26,300
754,A00428,5,2021/4/6,400
755,A00059,2,2020/11/21,100
756,A00115,1,2018/1/7,500
757,A00393,2,2019/1/6,500
758,A00339,2,2020/7/13,600
759,A00234,3,2020/12/6,500
760,A00105,3,2021/3/8,400
761,A00618,3,2021/4/27,100
762,A00421,2,2021/7/9,100
763,A00496,4,2021/12/16,400
764,A00462,3,2021/12/20,200
765,A00480,2,2021/4/5,300
766,A00025,3,2021/11/3,200
767,A00605,1,2018/10/18,200
768,A00403,2,2021/7/18,400
769,A00142,2,2021/10/6,200
770,A00496,5,2021/12/23,500
771,A00489,1,2021/4/28,400
772,A00228,2,2019/8/17,500
773,A00151,2,2021/11/27,200
774,A00011,2,2021/6/17,600
775,A00390,1,2020/3/20,400
776,A00250,1,2019/7/19,300
777,A00366,1,2020/10/1,400
778,A00078,2,2021/10/4,500
779,A00208,3,2021/10/24,500
780,A00613,1,2021/4/26,500
781,A00050,4,2021/12/24,200
782,A00331,2,2019/4/16,200
783,A00009,3,2021/9/13,300
784,A00604,3,2019/12/18,100
785,A00430,1,2020/5/17,500
786,A00011,3,2021/7/26,300
787,A00047,2,2021/2/11,200
788,A00080,1,2019/11/27,400
789,A00354,3,2021/5/19,500
790,A00419,2,2021/10/26,600
791,A00391,2,2021/12/26,200
792,A00435,1,2021/1/1,500
793,A00128,2,2020/12/17,300
794,A00018,1,2018/11/24,200
795,A00544,5,2021/5/21,500
796,A00204,3,2021/1/25,100
797,A00203,2,2018/9/1,400
798,A00447,1,2020/1/3,500
799,A00410,1,2020/4/9,100
800,A00041,2,2021/7/20,300
801,A00594,2,2020/12/6,200
802,A00206,2,2021/12/10,400
803,A00283,3,2021/11/17,300
804,A00290,4,2021/10/20,400
805,A00335,2,2018/11/16,300
806,A00351,2,2018/2/25,500
807,A00581,3,2021/6/11,200
808,A00181,2,2018/3/28,300
809,A00231,2,2021/8/23,100
810,A00402,1,2019/6/28,500
811,A00575,1,2020/6/5,200
812,A00528,1,2020/11/9,200
813,A00418,4,2020/10/26,300
814,A00112,2,2021/11/18,600
815,A00537,5,2020/11/28,600
816,A00517,2,2019/10/27,100
817,A00072,3,2021/6/5,400
818,A00113,1,2021/9/5,200
819,A00133,2,2020/9/9,300
820,A00156,2,2021/12/20,100
821,A00513,2,2020/4/2,100
822,A00260,1,2020/1/22,100
823,A00132,3,2020/11/2,100
824,A00034,3,2020/10/8,600
825,A00342,1,2021/1/20,300
826,A00135,3,2021/10/10,100
827,A00309,2,2021/10/10,100
828,A00502,5,2021/10/26,300
829,A00053,1,2020/11/11,500
830,A00238,4,2021/12/16,200
831,A00586,2,2020/10/27,200
832,A00603,1,2020/11/10,600
833,A00362,1,2019/6/7,200
834,A00316,2,2020/12/17,300
835,A00024,1,2018/6/3,600
836,A00516,3,2021/12/26,400
837,A00431,1,2019/8/25,300
838,A00239,4,2019/12/23,100
839,A00627,1,2018/6/13,500
840,A00263,2,2021/3/9,400
841,A00569,2,2019/5/10,400
842,A00247,3,2021/10/18,400
843,A00029,1,2018/12/25,500
844,A00243,1,2021/10/21,100
845,A00077,1,2021/6/7,400
846,A00445,1,2020/11/5,600
847,A00574,1,2021/5/23,600
848,A00438,1,2019/6/17,400
849,A00079,2,2021/8/21,200
850,A00469,1,2021/9/22,100
851,A00291,2,2019/7/28,300
852,A00103,2,2021/5/3,600
853,A00612,2,2021/1/22,200
854,A00475,3,2021/11/14,300
855,A00267,2,2021/4/3,400
856,A00276,5,2021/12/14,400
857,A00211,4,2019/8/9,500
858,A00360,6,2021/9/17,100
859,A00041,3,2021/12/22,300
860,A00460,2,2021/12/24,500
861,A00515,2,2021/11/27,400
862,A00299,1,2019/10/26,400
863,A00334,2,2021/12/9,500
864,A00393,3,2021/8/6,400
865,A00056,2,2021/8/3,500
866,A00311,1,2021/7/23,500
867,A00329,2,2019/10/20,400
868,A00591,1,2020/10/1,500
869,A00145,4,2021/9/7,400
870,A00499,4,2021/12/28,400
871,A00037,2,2018/7/2,400
872,A00066,2,2021/12/8,300
873,A00241,2,2020/5/15,600
874,A00583,2,2021/4/27,600
875,A00566,1,2020/12/6,500
876,A00005,4,2021/6/24,100
877,A00392,3,2020/9/28,600
878,A00568,2,2021/5/23,100
879,A00499,5,2021/12/28,500
880,A00361,3,2019/8/3,400
881,A00074,4,2020/11/23,200
882,A00214,3,2021/11/13,200
883,A00594,3,2021/11/16,200
884,A00435,2,2021/12/7,500
885,A00490,3,2021/8/22,400
886,A00017,3,2021/12/25,500
887,A00531,1,2021/8/4,300
888,A00174,2,2021/2/11,300
889,A00211,5,2021/5/24,600
890,A00089,2,2018/6/24,100
891,A00279,3,2021/12/11,600
892,A00444,4,2021/12/24,500
893,A00042,1,2019/11/21,600
894,A00122,2,2020/7/2,200
895,A00190,2,2020/12/7,400
896,A00402,2,2019/8/21,200
897,A00122,3,2020/9/5,400
898,A00033,2,2021/9/8,300
899,A00584,1,2020/9/26,500
900,A00133,3,2021/3/19,300
901,A00354,4,2021/12/27,200
902,A00222,2,2019/10/22,200
903,A00450,2,2018/9/28,500
904,A00257,4,2021/9/9,300
905,A00334,3,2021/12/25,100
906,A00149,1,2018/9/1,100
907,A00518,2,2020/10/24,400
908,A00431,2,2021/4/16,400
909,A00454,4,2021/9/5,200
910,A00386,2,2020/9/27,500
911,A00189,3,2021/3/11,400
912,A00411,3,2020/3/5,400
913,A00073,4,2021/11/17,400
914,A00385,2,2019/12/27,200
915,A00267,3,2021/4/28,300
916,A00252,3,2021/12/17,600
917,A00039,2,2019/6/16,400
918,A00230,1,2018/4/2,200
919,A00576,2,2021/6/13,200
920,A00348,2,2021/9/22,100
921,A00051,2,2018/12/25,600
922,A00476,2,2021/12/5,500
923,A00109,2,2021/12/3,100
924,A00414,3,2021/9/1,200
925,A00422,3,2021/12/27,100
926,A00541,2,2019/10/26,600
927,A00391,3,2021/12/27,300
928,A00551,3,2021/12/26,500
929,A00449,3,2021/9/4,600
930,A00294,4,2021/12/27,300
931,A00143,1,2020/7/17,400
932,A00458,2,2021/11/4,200
933,A00216,2,2021/9/6,400
934,A00484,3,2021/3/12,400
935,A00597,1,2021/11/15,100
936,A00484,4,2021/7/25,600
937,A00191,1,2021/3/4,600
938,A00008,3,2021/8/20,300
939,A00309,3,2021/12/11,300
940,A00021,3,2021/10/27,400
941,A00627,2,2019/7/5,500
942,A00518,3,2021/3/2,100
943,A00405,3,2020/7/9,500
944,A00501,2,2021/11/18,600
945,A00489,2,2021/12/27,600
946,A00257,5,2021/10/4,200
947,A00120,2,2019/11/14,100
948,A00079,3,2021/11/6,300
949,A00242,3,2021/11/18,200
950,A00600,3,2019/8/5,300
951,A00066,3,2021/12/10,400
952,A00468,4,2021/12/10,200
953,A00525,2,2020/10/9,600
954,A00103,3,2021/9/17,400
955,A00254,1,2020/9/5,500
956,A00107,2,2021/12/15,300
957,A00368,1,2019/12/4,500
958,A00284,5,2021/11/18,400
959,A00363,4,2021/3/6,300
960,A00350,2,2021/8/18,500
961,A00137,1,2020/6/24,200
962,A00045,2,2021/4/28,200
963,A00279,4,2021/12/27,500
964,A00453,5,2021/12/19,200
965,A00456,1,2018/11/11,200
966,A00376,1,2020/4/8,300
967,A00208,4,2021/11/27,200
968,A00416,5,2021/9/26,400
969,A00165,2,2020/11/14,300
970,A00462,4,2021/12/27,500
971,A00347,3,2019/2/17,300
972,A00041,4,2021/12/22,300
973,A00556,2,2019/9/16,600
974,A00543,2,2021/2/15,100
975,A00384,1,2020/10/9,400
976,A00008,4,2021/8/27,600
977,A00052,6,2021/12/4,100
978,A00130,1,2020/8/7,400
979,A00194,3,2020/4/14,100
980,A00047,3,2021/6/17,600
981,A00539,3,2021/3/25,500
982,A00081,2,2021/6/2,100
983,A00198,3,2019/2/27,100
984,A00435,3,2021/12/18,200
985,A00439,2,2020/12/2,300
986,A00307,2,2021/7/2,500
987,A00296,1,2018/11/4,100
988,A00303,2,2021/5/23,300
989,A00371,1,2019/12/3,500
990,A00627,3,2021/6/19,100
991,A00256,2,2021/12/24,400
992,A00295,2,2019/9/23,400
993,A00273,2,2021/5/15,200
994,A00151,3,2021/11/28,500
995,A00564,2,2021/6/13,300
996,A00388,2,2019/12/1,100
997,A00576,3,2021/11/24,300
998,A00501,3,2021/12/2,300
999,A00307,3,2021/8/9,200
